[
  {
    "id": "student_001",
    "name": "Sourabh Dhara",
    "rollNumber": "25git551",
    "email": "sourabhdhara2020@gmail.com",
    "phone": "9950289344",
    "fatherName": "Tapan Dhara",
    "fatherPhone": "8952880127",
    "motherName": "Mili Dhara",
    "motherPhone": "9929673516",
    "secretPassword": "sourabh9",
    "photo": "fa0e65ea2bc74b99813327ac96c75af2.jpg",
    "assignedActivities": [
      "activity_001"
    ],
    "createdAt": "2025-09-07T23:13:59.666Z",
    "remarks": "Participated"
  }
]